{

  "schedule": [
    {
      "date": "2047-05-17",
      "groups": [
        {
          "time": "8:00 am",
          "sessions": [
            {
              "name": "Breakfast",
              "timeStart": "8:00 am",
              "timeEnd": "9:00 am",
              "location": "Main hallway",
              "tracks": ["Food"]
            }
          ]
        },
        {
          "time": "9:00 am",
          "sessions": [
            {
              "name": "Introduction to Appcamp.io",
              "location": "Room 2203",
              "description": "Mobile devices and browsers are now advanced enough that developers can build native-quality mobile apps using open web technologies like HTML5, Javascript, and CSS. In this talk, we’ll provide background on why and how we created Ionic, the design decisions made as we integrated Ionic with Angular, and the performance considerations for mobile platforms that our team had to overcome. We’ll also review new and upcoming Ionic features, and talk about the hidden powers and benefits of combining mobile app development and Angular.",
              "speakerNames": ["Ellie Elephant"],
              "timeStart": "9:00 am",
              "timeEnd": "9:30 am",
              "tracks": ["Ionic"]
            },
            {
              "name": "Getting started with Ionic",
              "location": "Room 2202",
              "description": "Mobile devices and browsers are now advanced enough that developers can build native-quality mobile apps using open web technologies like HTML5, Javascript, and CSS. In this talk, we’ll provide background on why and how we created Ionic, the design decisions made as we integrated Ionic with Angular, and the performance considerations for mobile platforms that our team had to overcome. We’ll also review new and upcoming Ionic features, and talk about the hidden powers and benefits of combining mobile app development and Angular.",
              "speakerNames": ["Ted Turtle"],
              "timeStart": "9:30 am",
              "timeEnd": "9:45 am",
              "tracks": ["Ionic"]
            },
            {
              "name": "Tooling for Ionic",
              "location": "Room 2201",
              "description": "Mobile devices and browsers are now advanced enough that developers can build native-quality mobile apps using open web technologies like HTML5, Javascript, and CSS. In this talk, we’ll provide background on why and how we created Ionic, the design decisions made as we integrated Ionic with Angular, and the performance considerations for mobile platforms that our team had to overcome. We’ll also review new and upcoming Ionic features, and talk about the hidden powers and benefits of combining mobile app development and Angular.",
              "speakerNames": ["Rachel Rabbit"],
              "timeStart": "9:45 am",
              "timeEnd": "10:00 am",
              "tracks": ["Tooling"]
            }
          ]
        },
        {
          "time": "10:00 am",
          "sessions": [
            {
              "name": "Migrating to Ionic2",
              "description": "We will be focused on how to install the Ionic V2 CLI, how to start a new app, and how to serve/emulate/run the application on a native device.",
              "location": "Room 2201",
              "description": "Mobile devices and browsers are now advanced enough that developers can build native-quality mobile apps using open web technologies like HTML5, Javascript, and CSS. In this talk, we’ll provide background on why and how we created Ionic, the design decisions made as we integrated Ionic with Angular, and the performance considerations for mobile platforms that our team had to overcome. We’ll also review new and upcoming Ionic features, and talk about the hidden powers and benefits of combining mobile app development and Angular.",
              "speakerNames": ["Eva Eagle", "Lionel Lion"],
              "timeStart": "10:00 am",
              "timeEnd": "10:15 am",
              "tracks": ["Ionic"]
            },
            {
              "name": "The evolution of Ionicons",
              "location": "Room 2202",
              "description": "Mobile devices and browsers are now advanced enough that developers can build native-quality mobile apps using open web technologies like HTML5, Javascript, and CSS. In this talk, we’ll provide background on why and how we created Ionic, the design decisions made as we integrated Ionic with Angular, and the performance considerations for mobile platforms that our team had to overcome. We’ll also review new and upcoming Ionic features, and talk about the hidden powers and benefits of combining mobile app development and Angular.",
              "speakerNames": ["Isabella Iguana", "Eva Eagle"],
              "timeStart": "10:15 am",
              "timeEnd": "10:30 am",
              "tracks": ["Design"]
            },
            {
              "name": "Ionic.io Services",
              "location": "Room 2202",
              "description": "Mobile devices and browsers are now advanced enough that developers can build native-quality mobile apps using open web technologies like HTML5, Javascript, and CSS. In this talk, we’ll provide background on why and how we created Ionic, the design decisions made as we integrated Ionic with Angular, and the performance considerations for mobile platforms that our team had to overcome. We’ll also review new and upcoming Ionic features, and talk about the hidden powers and benefits of combining mobile app development and Angular.",
              "speakerNames": ["Charlie Cheetah"],
              "timeStart": "10:30 am",
              "timeEnd": "11:00 am",
              "tracks": ["Services"]
            }
          ]
        },
        {
          "time": "11:00 am",
          "sessions": [
            {
              "name": "Ionic Workshop",
              "location": "Room 2201",
              "description": "Mobile devices and browsers are now advanced enough that developers can build native-quality mobile apps using open web technologies like HTML5, Javascript, and CSS. In this talk, we’ll provide background on why and how we created Ionic, the design decisions made as we integrated Ionic with Angular, and the performance considerations for mobile platforms that our team had to overcome. We’ll also review new and upcoming Ionic features, and talk about the hidden powers and benefits of combining mobile app development and Angular.",
              "speakerNames": ["Karl Kitten", "Lionel Lion"],
              "timeStart": "11:00 am",
              "timeEnd": "11:45 am",
              "tracks": ["Workshop"]
            },
            {
              "name": "Community Interaction",
              "location": "Room 2203",
              "description": "Mobile devices and browsers are now advanced enough that developers can build native-quality mobile apps using open web technologies like HTML5, Javascript, and CSS. In this talk, we’ll provide background on why and how we created Ionic, the design decisions made as we integrated Ionic with Angular, and the performance considerations for mobile platforms that our team had to overcome. We’ll also review new and upcoming Ionic features, and talk about the hidden powers and benefits of combining mobile app development and Angular.",
              "speakerNames": ["Lionel Lion", "Gino Giraffe"],
              "timeStart": "11:30 am",
              "timeEnd": "11:50 am",
              "tracks": ["Communication"]
            },
            {
              "name": "Navigation in Ionic",
              "location": "Room 2203",
              "description": "Mobile devices and browsers are now advanced enough that developers can build native-quality mobile apps using open web technologies like HTML5, Javascript, and CSS. In this talk, we’ll provide background on why and how we created Ionic, the design decisions made as we integrated Ionic with Angular, and the performance considerations for mobile platforms that our team had to overcome. We’ll also review new and upcoming Ionic features, and talk about the hidden powers and benefits of combining mobile app development and Angular.",
              "speakerNames": ["Rachel Rabbit", "Eva Eagle"],
              "timeStart": "11:30 am",
              "timeEnd": "12:00 pm",
              "tracks": ["Navigation"]
            }
          ]
        },
        {
          "time": "12:00 pm",
          "sessions": [
            {
              "name": "Lunch",
              "location": "Auditorium",
              "description": "Come grab lunch with all the Ionic fanatics and talk all things Ionic",
              "timeStart": "12:00 pm",
              "timeEnd": "1:00 pm",
              "tracks": ["Food"]
            }
          ]
        },
        {
          "time": "1:00 pm",
          "sessions": [
            {
              "name": "Ionic in the Enterprise",
              "location": "Room 2201",
              "description": "Mobile devices and browsers are now advanced enough that developers can build native-quality mobile apps using open web technologies like HTML5, Javascript, and CSS. In this talk, we’ll provide background on why and how we created Ionic, the design decisions made as we integrated Ionic with Angular, and the performance considerations for mobile platforms that our team had to overcome. We’ll also review new and upcoming Ionic features, and talk about the hidden powers and benefits of combining mobile app development and Angular.",
              "speakerNames": ["Paul Puppy"],
              "timeStart": "1:00 pm",
              "timeEnd": "1:15 pm",
              "tracks": ["Communication"]
            },
            {
              "name": "Ionic Worldwide",
              "location": "Room 2201",
              "description": "Mobile devices and browsers are now advanced enough that developers can build native-quality mobile apps using open web technologies like HTML5, Javascript, and CSS. In this talk, we’ll provide background on why and how we created Ionic, the design decisions made as we integrated Ionic with Angular, and the performance considerations for mobile platforms that our team had to overcome. We’ll also review new and upcoming Ionic features, and talk about the hidden powers and benefits of combining mobile app development and Angular.",
              "speakerNames": ["Gino Giraffe"],
              "timeStart": "1:15 pm",
              "timeEnd": "1:30 pm",
              "tracks": ["Communication"]
            },
            {
              "name": "The Ionic package service",
              "location": "Room 2203",
              "description": "Mobile devices and browsers are now advanced enough that developers can build native-quality mobile apps using open web technologies like HTML5, Javascript, and CSS. In this talk, we’ll provide background on why and how we created Ionic, the design decisions made as we integrated Ionic with Angular, and the performance considerations for mobile platforms that our team had to overcome. We’ll also review new and upcoming Ionic features, and talk about the hidden powers and benefits of combining mobile app development and Angular.",
              "speakerNames": ["Molly Mouse", "Burt Bear"],
              "timeStart": "1:30 pm",
              "timeEnd": "2:00 pm",
              "tracks": ["Services"]
            }
          ]
        },
        {
          "time": "2:00 pm",
          "sessions": [
            {
              "name": "Push Notifications in Ionic",
              "location": "Room 2202",
              "description": "Mobile devices and browsers are now advanced enough that developers can build native-quality mobile apps using open web technologies like HTML5, Javascript, and CSS. In this talk, we’ll provide background on why and how we created Ionic, the design decisions made as we integrated Ionic with Angular, and the performance considerations for mobile platforms that our team had to overcome. We’ll also review new and upcoming Ionic features, and talk about the hidden powers and benefits of combining mobile app development and Angular.",
              "speakerNames": ["Burt Bear", "Charlie Cheetah"],
              "timeStart": "2:00 pm",
              "timeEnd": "2:30 pm",
              "tracks": ["Services"]
            },
            {
              "name": "Ionic Documentation",
              "location": "Room 2202",
              "description": "Mobile devices and browsers are now advanced enough that developers can build native-quality mobile apps using open web technologies like HTML5, Javascript, and CSS. In this talk, we’ll provide background on why and how we created Ionic, the design decisions made as we integrated Ionic with Angular, and the performance considerations for mobile platforms that our team had to overcome. We’ll also review new and upcoming Ionic features, and talk about the hidden powers and benefits of combining mobile app development and Angular.",
              "speakerNames": ["Donald Duck"],
              "timeStart": "2:30 pm",
              "timeEnd": "2:45 pm",
              "tracks": ["Documentation"]
            },
            {
              "name": "UX planning in Ionic",
              "location": "Room 2203",
              "description": "Mobile devices and browsers are now advanced enough that developers can build native-quality mobile apps using open web technologies like HTML5, Javascript, and CSS. In this talk, we’ll provide background on why and how we created Ionic, the design decisions made as we integrated Ionic with Angular, and the performance considerations for mobile platforms that our team had to overcome. We’ll also review new and upcoming Ionic features, and talk about the hidden powers and benefits of combining mobile app development and Angular.",
              "speakerNames": ["Isabella Iguana", "Ellie Elephant"],
              "timeStart": "2:45 pm",
              "timeEnd": "3:00 pm",
              "tracks": ["Design"]
            }
          ]
        },
        {
          "time": "3:00",
          "sessions": [
            {
              "name": "Directives in Ionic",
              "location": "Room 2201",
              "description": "Mobile devices and browsers are now advanced enough that developers can build native-quality mobile apps using open web technologies like HTML5, Javascript, and CSS. In this talk, we’ll provide background on why and how we created Ionic, the design decisions made as we integrated Ionic with Angular, and the performance considerations for mobile platforms that our team had to overcome. We’ll also review new and upcoming Ionic features, and talk about the hidden powers and benefits of combining mobile app development and Angular.",
              "speakerNames": ["Ted Turtle"],
              "timeStart": "3:00 pm",
              "timeEnd": "3:30 pm",
              "tracks": ["Angular"]
            },
            {
              "name": "Mobile States",
              "location": "Room 2202",
              "description": "Mobile devices and browsers are now advanced enough that developers can build native-quality mobile apps using open web technologies like HTML5, Javascript, and CSS. In this talk, we’ll provide background on why and how we created Ionic, the design decisions made as we integrated Ionic with Angular, and the performance considerations for mobile platforms that our team had to overcome. We’ll also review new and upcoming Ionic features, and talk about the hidden powers and benefits of combining mobile app development and Angular.",
              "speakerNames": ["Rachel Rabbit"],
              "timeStart": "3:30 pm",
              "timeEnd": "3:45 pm",
              "tracks": ["Navigation"]
            }
          ]
        }
      ]
    }
  ],


  "speakers": [
    {
      "name": "Burt Bear",
      "profilePic": "img/speakers/bear.jpg",
      "twitter": "ionicframework",
      "about": "Burt is a Bear.",
      "location": "Everywhere"
    },
    {
      "name": "Charlie Cheetah",
      "profilePic": "img/speakers/cheetah.jpg",
      "twitter": "ionicframework",
      "about": "Charlie is a Cheetah.",
      "location": "Everywhere"
    },
    {
      "name": "Donald Duck",
      "profilePic": "img/speakers/duck.jpg",
      "twitter": "ionicframework",
      "about": "Donald is a Duck.",
      "location": "Everywhere"
    },
    {
      "name": "Eva Eagle",
      "profilePic": "img/speakers/eagle.jpg",
      "twitter": "ionicframework",
      "about": "Eva is an Eagle.",
      "location": "Everywhere"
    },
    {
      "name": "Ellie Elephant",
      "profilePic": "img/speakers/elephant.jpg",
      "twitter": "ionicframework",
      "about": "Ellie is an Elephant.",
      "location": "Everywhere"
    },
    {
      "name": "Gino Giraffe",
      "profilePic": "img/speakers/giraffe.jpg",
      "twitter": "ionicframework",
      "about": "Gino is a Giraffe.",
      "location": "Everywhere"
    },
    {
      "name": "Isabella Iguana",
      "profilePic": "img/speakers/iguana.jpg",
      "twitter": "ionicframework",
      "about": "Isabella is an Iguana.",
      "location": "Everywhere"
    },
    {
      "name": "Karl Kitten",
      "profilePic": "img/speakers/kitten.jpg",
      "twitter": "ionicframework",
      "about": "Karl is a Kitten.",
      "location": "Everywhere"
    },
    {
      "name": "Lionel Lion",
      "profilePic": "img/speakers/lion.jpg",
      "twitter": "ionicframework",
      "about": "Lionel is a Lion.",
      "location": "Everywhere"
    },
    {
      "name": "Molly Mouse",
      "profilePic": "img/speakers/mouse.jpg",
      "twitter": "ionicframework",
      "about": "Molly is a Mouse.",
      "location": "Everywhere"
    },
    {
      "name": "Paul Puppy",
      "profilePic": "img/speakers/puppy.jpg",
      "twitter": "ionicframework",
      "about": "Paul is a Puppy.",
      "location": "Everywhere"
    },
    {
      "name": "Rachel Rabbit",
      "profilePic": "img/speakers/rabbit.jpg",
      "twitter": "ionicframework",
      "about": "Rachel is a Rabbit.",
      "location": "Everywhere"
    },
    {
      "name": "Ted Turtle",
      "profilePic": "img/speakers/turtle.jpg",
      "twitter": "ionicframework",
      "about": "Ted is a Turtle.",
      "location": "Everywhere"
    }
  ],


  "map": [
    {
      "name": "Monona Terrace Convention Center",
      "lat": 43.071584,
      "lng": -89.380120,
      "center": true
    },
    {
      "name": "Ionic HQ",
      "lat": 43.074395,
      "lng": -89.381056
    },
    {
      "name": "Afterparty - Brocach Irish Pub",
      "lat": 43.07336,
      "lng": -89.38335
    }
  ]

}